"ref_area.label","source.label","indicator.label","sex.label","classif1.label","time","obs_value","obs_status.label","note_classif.label","note_indicator.label","note_source.label"
"Angola","LFS - Employment Survey","SDG indicator 8.5.2 - Unemployment rate (%)","Total","Age (Youth, adults): 25+","2022",9.784,,,,"Repository: ILO-STATISTICS - Micro data processing"
"Angola","LFS - Employment Survey","SDG indicator 8.5.2 - Unemployment rate (%)","Total","Age (Youth, adults): 25+","2021",11.015,,,,"Repository: ILO-STATISTICS - Micro data processing"
"Angola","LFS - Employment Survey","SDG indicator 8.5.2 - Unemployment rate (%)","Total","Age (Youth, adults): 25+","2019",11.334,"Break in series",,"Break in series: Methodology revised","Repository: ILO-STATISTICS - Micro data processing"
"Angola","PC - Population Census","SDG indicator 8.5.2 - Unemployment rate (%)","Total","Age (Youth, adults): 25+","2014",7.582,,,,"Repository: ILO-STATISTICS - Micro data processing"
"Burundi","HIES - Living Standards Survey","SDG indicator 8.5.2 - Unemployment rate (%)","Total","Age (Youth, adults): 25+","2020",0.821,,,,"Repository: ILO-STATISTICS - Micro data processing"
"Burundi","HIES - Living Standards Survey","SDG indicator 8.5.2 - Unemployment rate (%)","Total","Age (Youth, adults): 25+","2014",1.168,,,,"Repository: ILO-STATISTICS - Micro data processing"
"Benin","HIES - Monitoring Survey of the Modular and Integrated Survey of Household Living Conditions","SDG indicator 8.5.2 - Unemployment rate (%)","Total","Age (Youth, adults): 25+","2022",1.262,,,,"Repository: ILO-STATISTICS - Micro data processing"
"Benin","HIES - Monitoring Survey of the Modular and Integrated Survey of Household Living Conditions","SDG indicator 8.5.2 - Unemployment rate (%)","Total","Age (Youth, adults): 25+","2019",0.914,,,,"Repository: ILO-STATISTICS - Micro data processing"
"Burkina Faso","LFS - Regional Integrated Survey on Employment and the Informal Sector","SDG indicator 8.5.2 - Unemployment rate (%)","Total","Age (Youth, adults): 25+","2023",4.639,,,,"Repository: ILO-STATISTICS - Micro data processing"
"Burkina Faso","HIES - Harmonized Survey on Household Living Conditions","SDG indicator 8.5.2 - Unemployment rate (%)","Total","Age (Youth, adults): 25+","2022",1.39,,,,"Repository: ILO-STATISTICS - Micro data processing"
"Burkina Faso","HIES - Harmonized Survey on Household Living Conditions","SDG indicator 8.5.2 - Unemployment rate (%)","Total","Age (Youth, adults): 25+","2019",1.394,,,,"Repository: ILO-STATISTICS - Micro data processing"
"Burkina Faso","LFS - Regional Integrated Survey on Employment and the Informal Sector","SDG indicator 8.5.2 - Unemployment rate (%)","Total","Age (Youth, adults): 25+","2018",3.891,,,,"Repository: ILO-STATISTICS - Micro data processing"
"Burkina Faso","HIES - Continuous Multisectoral Survey","SDG indicator 8.5.2 - Unemployment rate (%)","Total","Age (Youth, adults): 25+","2014",5.682,,,,"Repository: ILO-STATISTICS - Micro data processing"
"Botswana","HS - Multi-Topic Household Survey","SDG indicator 8.5.2 - Unemployment rate (%)","Total","Age (Youth, adults): 25+","2023",19.261,,,,"Repository: ILO-STATISTICS - Micro data processing"
"Botswana","HS - Multi-Topic Household Survey","SDG indicator 8.5.2 - Unemployment rate (%)","Total","Age (Youth, adults): 25+","2022",20.133,,,,"Repository: ILO-STATISTICS - Micro data processing"
"Botswana","HS - Multi-Topic Household Survey","SDG indicator 8.5.2 - Unemployment rate (%)","Total","Age (Youth, adults): 25+","2021",19.285,,,,"Repository: ILO-STATISTICS - Micro data processing"
"Botswana","HS - Multi-Topic Household Survey","SDG indicator 8.5.2 - Unemployment rate (%)","Total","Age (Youth, adults): 25+","2020",17.517,,,,"Repository: ILO-STATISTICS - Micro data processing"
"Botswana","HS - Multi-Topic Household Survey","SDG indicator 8.5.2 - Unemployment rate (%)","Total","Age (Youth, adults): 25+","2019",17.494,"Break in series",,"Break in series: Methodology revised","Repository: ILO-STATISTICS - Micro data processing"
"Côte d'Ivoire","HIES - Living Standards Measurement Survey","SDG indicator 8.5.2 - Unemployment rate (%)","Total","Age (Youth, adults): 25+","2022",1.914,,,,"Repository: ILO-STATISTICS - Micro data processing"
"Côte d'Ivoire","LFS - National Survey on the Employment Situation","SDG indicator 8.5.2 - Unemployment rate (%)","Total","Age (Youth, adults): 25+","2019",1.966,,,,"Repository: ILO-STATISTICS - Micro data processing"
"Côte d'Ivoire","LFS - Regional Integrated Survey on Employment and the Informal Sector","SDG indicator 8.5.2 - Unemployment rate (%)","Total","Age (Youth, adults): 25+","2017",2.836,,,,"Repository: ILO-STATISTICS - Micro data processing"
"Côte d'Ivoire","LFS - National Survey on the Employment Situation","SDG indicator 8.5.2 - Unemployment rate (%)","Total","Age (Youth, adults): 25+","2016",1.856,,,,"Repository: ILO-STATISTICS - Micro data processing"
"Cameroon","HS - Household Survey","SDG indicator 8.5.2 - Unemployment rate (%)","Total","Age (Youth, adults): 25+","2021",2.627,,,,"Repository: ILO-STATISTICS - Micro data processing"
"Cameroon","HS - Household Survey","SDG indicator 8.5.2 - Unemployment rate (%)","Total","Age (Youth, adults): 25+","2014",2.749,,,,"Repository: ILO-STATISTICS - Micro data processing"
"Congo, Democratic Republic of the","HIES - Indicator Cluster Survey","SDG indicator 8.5.2 - Unemployment rate (%)","Total","Age (Youth, adults): 25+","2020",1.397,,,,"Repository: ILO-STATISTICS - Micro data processing"
"Comoros","LFS - National Survey on Employment and the Informal Sector","SDG indicator 8.5.2 - Unemployment rate (%)","Total","Age (Youth, adults): 25+","2021",3.588,,,,"Repository: ILO-STATISTICS - Micro data processing"
"Comoros","LFS - National Survey on Employment and the Informal Sector","SDG indicator 8.5.2 - Unemployment rate (%)","Total","Age (Youth, adults): 25+","2014",6.882,,,,"Repository: ILO-STATISTICS - Micro data processing"
"Cabo Verde","LFS - Continuous Multi-Objective Survey Employment and Labor Market Statistics","SDG indicator 8.5.2 - Unemployment rate (%)","Total","Age (Youth, adults): 25+","2019",5.42,,,,"Employment definition: Including subsistence workers"
"Cabo Verde","LFS - Continuous Multi-Objective Survey Employment and Labor Market Statistics","SDG indicator 8.5.2 - Unemployment rate (%)","Total","Age (Youth, adults): 25+","2018",9.52,,,,"Employment definition: Including subsistence workers"
"Cabo Verde","LFS - Continuous Multi-Objective Survey Employment and Labor Market Statistics","SDG indicator 8.5.2 - Unemployment rate (%)","Total","Age (Youth, adults): 25+","2017",8.6,,,,"Employment definition: Including subsistence workers"
"Cabo Verde","LFS - Continuous Multi-Objective Survey Employment and Labor Market Statistics","SDG indicator 8.5.2 - Unemployment rate (%)","Total","Age (Youth, adults): 25+","2015",22.787,"Break in series",,"Break in series: Methodology revised","Repository: ILO-STATISTICS - Micro data processing | Age coverage - minimum age: 16 years old"
"Djibouti","HS - Djiboutian Household Survey","SDG indicator 8.5.2 - Unemployment rate (%)","Total","Age (Youth, adults): 25+","2017",18.388,"Break in series",,"Break in series: Methodology revised","Repository: ILO-STATISTICS - Micro data processing"
"Algeria","LFS - Household Employment Survey","SDG indicator 8.5.2 - Unemployment rate (%)","Total","Age (Youth, adults): 25+","2016",7.709,,,,
"Algeria","LFS - Household Employment Survey","SDG indicator 8.5.2 - Unemployment rate (%)","Total","Age (Youth, adults): 25+","2015",8.033,,,,
"Algeria","LFS - Household Employment Survey","SDG indicator 8.5.2 - Unemployment rate (%)","Total","Age (Youth, adults): 25+","2014",7.373,,,,
"Egypt","LFS - Labour Force Sample Survey","SDG indicator 8.5.2 - Unemployment rate (%)","Total","Age (Youth, adults): 25+","2023",5.041,,,,"Repository: ILO-STATISTICS - Micro data processing"
"Egypt","LFS - Labour Force Sample Survey","SDG indicator 8.5.2 - Unemployment rate (%)","Total","Age (Youth, adults): 25+","2022",5.425,,,,"Repository: ILO-STATISTICS - Micro data processing"
"Egypt","LFS - Labour Force Sample Survey","SDG indicator 8.5.2 - Unemployment rate (%)","Total","Age (Youth, adults): 25+","2021",5.418,,,,"Repository: ILO-STATISTICS - Micro data processing"
"Egypt","LFS - Labour Force Sample Survey","SDG indicator 8.5.2 - Unemployment rate (%)","Total","Age (Youth, adults): 25+","2020",5.886,,,,"Repository: ILO-STATISTICS - Micro data processing"
"Egypt","LFS - Labour Force Sample Survey","SDG indicator 8.5.2 - Unemployment rate (%)","Total","Age (Youth, adults): 25+","2019",5.364,,,,"Repository: ILO-STATISTICS - Micro data processing"
"Egypt","LFS - Labour Force Sample Survey","SDG indicator 8.5.2 - Unemployment rate (%)","Total","Age (Youth, adults): 25+","2018",6.596,,,,"Repository: ILO-STATISTICS - Micro data processing"
"Egypt","LFS - Labour Force Sample Survey","SDG indicator 8.5.2 - Unemployment rate (%)","Total","Age (Youth, adults): 25+","2017",6.819,,,,"Repository: ILO-STATISTICS - Micro data processing"
"Egypt","LFS - Labour Force Sample Survey","SDG indicator 8.5.2 - Unemployment rate (%)","Total","Age (Youth, adults): 25+","2016",7.183,"Break in series",,"Break in series: Methodology revised","Repository: ILO-STATISTICS - Micro data processing"
"Egypt","LFS - Labour Force Sample Survey","SDG indicator 8.5.2 - Unemployment rate (%)","Total","Age (Youth, adults): 25+","2015",7.669,,,,"Repository: ILO-STATISTICS - Micro data processing"
"Egypt","LFS - Labour Force Sample Survey","SDG indicator 8.5.2 - Unemployment rate (%)","Total","Age (Youth, adults): 25+","2014",8.565,,,,"Repository: ILO-STATISTICS - Micro data processing"
"Ethiopia","LFS - National Labor Force Survey","SDG indicator 8.5.2 - Unemployment rate (%)","Total","Age (Youth, adults): 25+","2021",3.093,,,,"Repository: ILO-STATISTICS - Micro data processing"
"Ghana","HIES - Household Income and Expenditure Survey","SDG indicator 8.5.2 - Unemployment rate (%)","Total","Age (Youth, adults): 25+","2022",2.299,,,,"Repository: ILO-STATISTICS - Micro data processing"
"Ghana","PC - Population Census","SDG indicator 8.5.2 - Unemployment rate (%)","Total","Age (Youth, adults): 25+","2021",3.539,,,,"Repository: ILO-STATISTICS - Micro data processing"
"Ghana","HIES - Living Standards Survey","SDG indicator 8.5.2 - Unemployment rate (%)","Total","Age (Youth, adults): 25+","2017",2.641,"Break in series",,"Break in series: Methodology revised","Repository: ILO-STATISTICS - Micro data processing"
"Ghana","LFS - Labour Force Survey","SDG indicator 8.5.2 - Unemployment rate (%)","Total","Age (Youth, adults): 25+","2015",5.333,"Break in series",,"Break in series: Methodology revised","Repository: ILO-STATISTICS - Micro data processing"
"Guinea","LFS - National Survey on Employment and the Informal Sector","SDG indicator 8.5.2 - Unemployment rate (%)","Total","Age (Youth, adults): 25+","2019",4.671,,,,"Repository: ILO-STATISTICS - Micro data processing"
"Gambia","LFS - Labour Force Survey","SDG indicator 8.5.2 - Unemployment rate (%)","Total","Age (Youth, adults): 25+","2023",5.159,,,,"Repository: ILO-STATISTICS - Micro data processing"
"Gambia","LFS - Labour Force Survey","SDG indicator 8.5.2 - Unemployment rate (%)","Total","Age (Youth, adults): 25+","2018",3.069,"Break in series",,"Break in series: Methodology revised","Repository: ILO-STATISTICS - Micro data processing"
"Guinea-Bissau","HIES - Harmonized Survey on Household Living Conditions","SDG indicator 8.5.2 - Unemployment rate (%)","Total","Age (Youth, adults): 25+","2022",2.616,,,,"Repository: ILO-STATISTICS - Micro data processing"
"Guinea-Bissau","HIES - Harmonized Survey on Household Living Conditions","SDG indicator 8.5.2 - Unemployment rate (%)","Total","Age (Youth, adults): 25+","2019",2.092,,,,"Repository: ILO-STATISTICS - Micro data processing"
"Guinea-Bissau","LFS - Integrated Regional Survey on Employment and Informal Sector","SDG indicator 8.5.2 - Unemployment rate (%)","Total","Age (Youth, adults): 25+","2018",2.828,,,,"Repository: ILO-STATISTICS - Micro data processing"
"Kenya","HS - Continuous household survey","SDG indicator 8.5.2 - Unemployment rate (%)","Total","Age (Youth, adults): 25+","2022",3.641,,,,"Repository: ILO-STATISTICS - Micro data processing"
"Kenya","HS - Continuous household survey","SDG indicator 8.5.2 - Unemployment rate (%)","Total","Age (Youth, adults): 25+","2021",4.305,,,,"Repository: ILO-STATISTICS - Micro data processing"
"Kenya","HS - Continuous household survey","SDG indicator 8.5.2 - Unemployment rate (%)","Total","Age (Youth, adults): 25+","2019",3.345,,,,"Repository: ILO-STATISTICS - Micro data processing"
"Kenya","HIES - Household Budget Survey","SDG indicator 8.5.2 - Unemployment rate (%)","Total","Age (Youth, adults): 25+","2016",1.563,,,,"Repository: ILO-STATISTICS - Micro data processing"
"Liberia","LFS - Labour Force Survey","SDG indicator 8.5.2 - Unemployment rate (%)","Total","Age (Youth, adults): 25+","2017",5.38,"Break in series",,"Break in series: Methodology revised","Repository: ILO-STATISTICS - Micro data processing"
"Liberia","HIES - Household Income and Expenditure Survey","SDG indicator 8.5.2 - Unemployment rate (%)","Total","Age (Youth, adults): 25+","2016",3.327,,,,"Repository: ILO-STATISTICS - Micro data processing"
"Liberia","HIES - Household Income and Expenditure Survey","SDG indicator 8.5.2 - Unemployment rate (%)","Total","Age (Youth, adults): 25+","2014",2.235,"Break in series",,"Break in series: Methodology revised","Repository: ILO-STATISTICS - Micro data processing"
"Lesotho","LFS - Integrated Labour Force Survey","SDG indicator 8.5.2 - Unemployment rate (%)","Total","Age (Youth, adults): 25+","2019",15.021,,,,"Repository: ILO-STATISTICS - Micro data processing"
"Morocco","LFS - National Employment Survey","SDG indicator 8.5.2 - Unemployment rate (%)","Total","Age (Youth, adults): 25+","2022",9.2,,,"Unemployment definition: Two criteria (not in employment and seeking)","Employment definition: Excluding own-use production workers"
"Morocco","LFS - National Employment Survey","SDG indicator 8.5.2 - Unemployment rate (%)","Total","Age (Youth, adults): 25+","2021",9.75,,,"Unemployment definition: Two criteria (not in employment and seeking)","Employment definition: Excluding own-use production workers"
"Morocco","LFS - National Employment Survey","SDG indicator 8.5.2 - Unemployment rate (%)","Total","Age (Youth, adults): 25+","2016",7.04,,,,
"Morocco","LFS - National Employment Survey","SDG indicator 8.5.2 - Unemployment rate (%)","Total","Age (Youth, adults): 25+","2015",7.33,,,,
"Morocco","LFS - National Employment Survey","SDG indicator 8.5.2 - Unemployment rate (%)","Total","Age (Youth, adults): 25+","2014",7.6,,,,
"Madagascar","HS - Periodic Household Survey","SDG indicator 8.5.2 - Unemployment rate (%)","Total","Age (Youth, adults): 25+","2022",2.215,"Break in series",,"Break in series: Methodology revised","Repository: ILO-STATISTICS - Micro data processing"
"Madagascar","LFS - National Survey on Employment and the Informal Sector","SDG indicator 8.5.2 - Unemployment rate (%)","Total","Age (Youth, adults): 25+","2015",1.153,,,,"Repository: ILO-STATISTICS - Micro data processing"
"Mali","HIES - Harmonized Survey on Household Living Conditions","SDG indicator 8.5.2 - Unemployment rate (%)","Total","Age (Youth, adults): 25+","2022",2.103,,,,"Repository: ILO-STATISTICS - Micro data processing"
"Mali","LFS - Continous Household Employment Survey","SDG indicator 8.5.2 - Unemployment rate (%)","Total","Age (Youth, adults): 25+","2020",2.494,,,,"Repository: ILO-STATISTICS - Micro data processing"
"Mali","HIES - Harmonized Survey on Household Living Conditions","SDG indicator 8.5.2 - Unemployment rate (%)","Total","Age (Youth, adults): 25+","2019",2.816,,,,"Repository: ILO-STATISTICS - Micro data processing"
"Mali","LFS - Continous Household Employment Survey","SDG indicator 8.5.2 - Unemployment rate (%)","Total","Age (Youth, adults): 25+","2018",1.369,,,,"Repository: ILO-STATISTICS - Micro data processing"
"Mali","LFS - Continous Household Employment Survey","SDG indicator 8.5.2 - Unemployment rate (%)","Total","Age (Youth, adults): 25+","2017",3.311,,,,"Repository: ILO-STATISTICS - Micro data processing"
"Mali","LFS - Continous Household Employment Survey","SDG indicator 8.5.2 - Unemployment rate (%)","Total","Age (Youth, adults): 25+","2016",1.125,,,,"Repository: ILO-STATISTICS - Micro data processing"
"Mali","LFS - Continous Household Employment Survey","SDG indicator 8.5.2 - Unemployment rate (%)","Total","Age (Youth, adults): 25+","2015",3.301,,,,"Repository: ILO-STATISTICS - Micro data processing"
"Mali","LFS - Continous Household Employment Survey","SDG indicator 8.5.2 - Unemployment rate (%)","Total","Age (Youth, adults): 25+","2014",5.732,"Break in series",,"Break in series: Methodology revised","Repository: ILO-STATISTICS - Micro data processing"
"Mozambique","HIES - Household Budget Survey","SDG indicator 8.5.2 - Unemployment rate (%)","Total","Age (Youth, adults): 25+","2022",4.701,,,,"Repository: ILO-STATISTICS - Micro data processing"
"Mozambique","HIES - Household Budget Survey","SDG indicator 8.5.2 - Unemployment rate (%)","Total","Age (Youth, adults): 25+","2015",1.945,,,,"Repository: ILO-STATISTICS - Micro data processing"
"Mauritania","HIES - Living Standards Survey","SDG indicator 8.5.2 - Unemployment rate (%)","Total","Age (Youth, adults): 25+","2019",7.575,,,,"Repository: ILO-STATISTICS - Micro data processing"
"Mauritania","LFS - National Reference Survey on Employment and Informal Sector","SDG indicator 8.5.2 - Unemployment rate (%)","Total","Age (Youth, adults): 25+","2017",8.211,,,,"Repository: ILO-STATISTICS - Micro data processing | Age coverage - maximum age: 75 years old"
"Mauritius","LFS - Continuous Multi-Purpose Household Survey","SDG indicator 8.5.2 - Unemployment rate (%)","Total","Age (Youth, adults): 25+","2023",4.165,,,,"Repository: ILO-STATISTICS - Micro data processing | Age coverage - minimum age: 16 years old"
"Mauritius","LFS - Continuous Multi-Purpose Household Survey","SDG indicator 8.5.2 - Unemployment rate (%)","Total","Age (Youth, adults): 25+","2022",4.529,,,,"Repository: ILO-STATISTICS - Micro data processing | Age coverage - minimum age: 16 years old"
"Mauritius","LFS - Continuous Multi-Purpose Household Survey","SDG indicator 8.5.2 - Unemployment rate (%)","Total","Age (Youth, adults): 25+","2021",5.743,,,,"Repository: ILO-STATISTICS - Micro data processing | Age coverage - minimum age: 16 years old"
"Mauritius","LFS - Continuous Multi-Purpose Household Survey","SDG indicator 8.5.2 - Unemployment rate (%)","Total","Age (Youth, adults): 25+","2020",6.535,"Break in series",,"Break in series: Methodology revised","Repository: ILO-STATISTICS - Micro data processing | Age coverage - minimum age: 16 years old | Age coverage - maximum age: 64 years old"
"Mauritius","LFS - Continuous Multi-Purpose Household Survey","SDG indicator 8.5.2 - Unemployment rate (%)","Total","Age (Youth, adults): 25+","2019",4.099,,,,"Repository: ILO-STATISTICS - Micro data processing | Age coverage - minimum age: 16 years old"
"Mauritius","LFS - Continuous Multi-Purpose Household Survey","SDG indicator 8.5.2 - Unemployment rate (%)","Total","Age (Youth, adults): 25+","2018",3.74,,,,"Repository: ILO-STATISTICS - Micro data processing | Age coverage - minimum age: 16 years old"
"Mauritius","LFS - Continuous Multi-Purpose Household Survey","SDG indicator 8.5.2 - Unemployment rate (%)","Total","Age (Youth, adults): 25+","2017",4.148,,,,"Repository: ILO-STATISTICS - Micro data processing | Age coverage - minimum age: 16 years old"
"Mauritius","LFS - Continuous Multi-Purpose Household Survey","SDG indicator 8.5.2 - Unemployment rate (%)","Total","Age (Youth, adults): 25+","2016",4.327,,,,"Repository: ILO-STATISTICS - Micro data processing | Age coverage - minimum age: 16 years old"
"Mauritius","LFS - Continuous Multi-Purpose Household Survey","SDG indicator 8.5.2 - Unemployment rate (%)","Total","Age (Youth, adults): 25+","2015",4.553,,,,"Repository: ILO-STATISTICS - Micro data processing | Age coverage - minimum age: 16 years old"
"Mauritius","LFS - Continuous Multi-Purpose Household Survey","SDG indicator 8.5.2 - Unemployment rate (%)","Total","Age (Youth, adults): 25+","2014",4.826,,,,"Repository: ILO-STATISTICS - Micro data processing | Age coverage - minimum age: 16 years old"
"Malawi","HIES - Integrated Household Survey","SDG indicator 8.5.2 - Unemployment rate (%)","Total","Age (Youth, adults): 25+","2020",0.763,,,,"Repository: ILO-STATISTICS - Micro data processing | Data reference period: Noncalendar year"
"Malawi","HIES - Integrated Household Survey","SDG indicator 8.5.2 - Unemployment rate (%)","Total","Age (Youth, adults): 25+","2017",3.232,,,,"Repository: ILO-STATISTICS - Micro data processing | Data reference period: Noncalendar year"
"Namibia","LFS - Labour Force Survey","SDG indicator 8.5.2 - Unemployment rate (%)","Total","Age (Youth, adults): 25+","2018",16.571,,,,"Repository: ILO-STATISTICS - Micro data processing"
"Namibia","LFS - Labour Force Survey","SDG indicator 8.5.2 - Unemployment rate (%)","Total","Age (Youth, adults): 25+","2016",18.495,,,,"Repository: ILO-STATISTICS - Micro data processing"
"Namibia","LFS - Labour Force Survey","SDG indicator 8.5.2 - Unemployment rate (%)","Total","Age (Youth, adults): 25+","2014",14.094,,,,"Repository: ILO-STATISTICS - Micro data processing"
"Niger","HIES - National Survey on Household Living Conditions","SDG indicator 8.5.2 - Unemployment rate (%)","Total","Age (Youth, adults): 25+","2022",0.405,,,,"Repository: ILO-STATISTICS - Micro data processing"
"Niger","HIES - National Survey on Household Living Conditions","SDG indicator 8.5.2 - Unemployment rate (%)","Total","Age (Youth, adults): 25+","2019",0.441,,,,"Repository: ILO-STATISTICS - Micro data processing"
"Niger","LFS - National Survey on Employment and the Informal Sector","SDG indicator 8.5.2 - Unemployment rate (%)","Total","Age (Youth, adults): 25+","2017",6.148,"Break in series",,"Break in series: Methodology revised","Repository: ILO-STATISTICS - Micro data processing"
"Niger","HIES - National Survey on Household Living Conditions","SDG indicator 8.5.2 - Unemployment rate (%)","Total","Age (Youth, adults): 25+","2014",0.472,,,,"Repository: ILO-STATISTICS - Micro data processing"
"Nigeria","LFS - Unemployment, Under-employment Watch","SDG indicator 8.5.2 - Unemployment rate (%)","Total","Age (Youth, adults): 25+","2023",2.327,"Break in series",,"Break in series: Methodology revised","Repository: ILO-STATISTICS - Micro data processing"
"Nigeria","LFS - Unemployment, Under-employment Watch","SDG indicator 8.5.2 - Unemployment rate (%)","Total","Age (Youth, adults): 25+","2022",3.018,,,,"Repository: ILO-STATISTICS - Micro data processing"
"Nigeria","HIES - Socio Economic Survey","SDG indicator 8.5.2 - Unemployment rate (%)","Total","Age (Youth, adults): 25+","2019",8.039,"Break in series",,"Break in series: Methodology revised","Repository: ILO-STATISTICS - Micro data processing"
"Nigeria","LFS - Unemployment, Under-employment Watch","SDG indicator 8.5.2 - Unemployment rate (%)","Total","Age (Youth, adults): 25+","2017",6.995,,,,"Age coverage - maximum age: 64 years old"
"Nigeria","LFS - Unemployment, Under-employment Watch","SDG indicator 8.5.2 - Unemployment rate (%)","Total","Age (Youth, adults): 25+","2016",5.72,,,,"Age coverage - maximum age: 64 years old"
"Nigeria","LFS - Unemployment, Under-employment Watch","SDG indicator 8.5.2 - Unemployment rate (%)","Total","Age (Youth, adults): 25+","2015",3.504,,,,"Age coverage - maximum age: 64 years old"
"Nigeria","LFS - Unemployment, Under-employment Watch","SDG indicator 8.5.2 - Unemployment rate (%)","Total","Age (Youth, adults): 25+","2014",3.707,,,,"Age coverage - maximum age: 64 years old"
"Réunion","LFS - Labour Force Survey","SDG indicator 8.5.2 - Unemployment rate (%)","Total","Age (Youth, adults): 25+","2016",19.64,,,,"Data reference period: Second quarter | Population coverage: Excluding both institutional population and armed forces and/or conscripts"
"Rwanda","LFS - Labour Force Survey","SDG indicator 8.5.2 - Unemployment rate (%)","Total","Age (Youth, adults): 25+","2024",12.371,,,,"Repository: ILO-STATISTICS - Micro data processing"
"Rwanda","LFS - Labour Force Survey","SDG indicator 8.5.2 - Unemployment rate (%)","Total","Age (Youth, adults): 25+","2023",10.612,,,,"Repository: ILO-STATISTICS - Micro data processing"
"Rwanda","LFS - Labour Force Survey","SDG indicator 8.5.2 - Unemployment rate (%)","Total","Age (Youth, adults): 25+","2022",13.04,,,,"Repository: ILO-STATISTICS - Micro data processing"
"Rwanda","LFS - Labour Force Survey","SDG indicator 8.5.2 - Unemployment rate (%)","Total","Age (Youth, adults): 25+","2021",13.631,,,,"Repository: ILO-STATISTICS - Micro data processing"
"Rwanda","LFS - Labour Force Survey","SDG indicator 8.5.2 - Unemployment rate (%)","Total","Age (Youth, adults): 25+","2020",10.434,,,,"Repository: ILO-STATISTICS - Micro data processing"
"Rwanda","LFS - Labour Force Survey","SDG indicator 8.5.2 - Unemployment rate (%)","Total","Age (Youth, adults): 25+","2019",9.743,,,,"Repository: ILO-STATISTICS - Micro data processing"
"Rwanda","LFS - Labour Force Survey","SDG indicator 8.5.2 - Unemployment rate (%)","Total","Age (Youth, adults): 25+","2018",9.088,,,,"Repository: ILO-STATISTICS - Micro data processing"
"Rwanda","LFS - Labour Force Survey","SDG indicator 8.5.2 - Unemployment rate (%)","Total","Age (Youth, adults): 25+","2017",10.386,"Break in series",,"Break in series: Methodology revised","Repository: ILO-STATISTICS - Micro data processing"
"Rwanda","HIES - Integrated Household Survey on Living Conditions","SDG indicator 8.5.2 - Unemployment rate (%)","Total","Age (Youth, adults): 25+","2014",0.892,"Break in series",,"Break in series: Methodology revised","Repository: ILO-STATISTICS - Micro data processing"
"Sudan","LFS - Labor Market Panel Survey","SDG indicator 8.5.2 - Unemployment rate (%)","Total","Age (Youth, adults): 25+","2022",6.167,"Break in series",,"Break in series: Methodology revised","Repository: ILO-STATISTICS - Micro data processing"
"Senegal","HIES - Harmonized Survey on Household Living Conditions","SDG indicator 8.5.2 - Unemployment rate (%)","Total","Age (Youth, adults): 25+","2022",2.56,,,,"Repository: ILO-STATISTICS - Micro data processing"
"Senegal","LFS - National Employment Survey","SDG indicator 8.5.2 - Unemployment rate (%)","Total","Age (Youth, adults): 25+","2019",2.564,,,,"Repository: ILO-STATISTICS - Micro data processing"
"Senegal","LFS - National Employment Survey","SDG indicator 8.5.2 - Unemployment rate (%)","Total","Age (Youth, adults): 25+","2017",3.651,,,,"Repository: ILO-STATISTICS - Micro data processing"
"Senegal","LFS - National Employment Survey","SDG indicator 8.5.2 - Unemployment rate (%)","Total","Age (Youth, adults): 25+","2016",3.877,,,,"Repository: ILO-STATISTICS - Micro data processing"
"Senegal","LFS - National Employment Survey","SDG indicator 8.5.2 - Unemployment rate (%)","Total","Age (Youth, adults): 25+","2015",6.423,,,,"Repository: ILO-STATISTICS - Micro data processing"
"Sierra Leone","HS - Integrated Household Survey","SDG indicator 8.5.2 - Unemployment rate (%)","Total","Age (Youth, adults): 25+","2018",3.1,,,,"Repository: ILO-STATISTICS - Micro data processing"
"Sierra Leone","LFS - Labour Force Survey","SDG indicator 8.5.2 - Unemployment rate (%)","Total","Age (Youth, adults): 25+","2014",3.675,,,,"Repository: ILO-STATISTICS - Micro data processing"
"Somalia","LFS - Labour Force Survey","SDG indicator 8.5.2 - Unemployment rate (%)","Total","Age (Youth, adults): 25+","2019",15.542,,,,"Repository: ILO-STATISTICS - Micro data processing"
"Sao Tome and Principe","HIES - Household Budget Survey","SDG indicator 8.5.2 - Unemployment rate (%)","Total","Age (Youth, adults): 25+","2017",9.004,,,,"Repository: ILO-STATISTICS - Micro data processing | Age coverage - minimum age: Less than or equal to 9 years old"
"Eswatini","LFS - Labour Force Survey","SDG indicator 8.5.2 - Unemployment rate (%)","Total","Age (Youth, adults): 25+","2021",29.317,,,,"Repository: ILO-STATISTICS - Micro data processing"
"Eswatini","LFS - Labour Force Survey","SDG indicator 8.5.2 - Unemployment rate (%)","Total","Age (Youth, adults): 25+","2016",18.024,,,,"Repository: ILO-STATISTICS - Micro data processing"
"Seychelles","LFS - Labour Force Survey","SDG indicator 8.5.2 - Unemployment rate (%)","Total","Age (Youth, adults): 25+","2023",2.166,,,,"Repository: ILO-STATISTICS - Micro data processing"
"Seychelles","LFS - Labour Force Survey","SDG indicator 8.5.2 - Unemployment rate (%)","Total","Age (Youth, adults): 25+","2020",2.363,,,,"Repository: ILO-STATISTICS - Micro data processing"
"Seychelles","LFS - Labour Force Survey","SDG indicator 8.5.2 - Unemployment rate (%)","Total","Age (Youth, adults): 25+","2019",2.015,,,,"Repository: ILO-STATISTICS - Micro data processing"
"Seychelles","LFS - Labour Force Survey","SDG indicator 8.5.2 - Unemployment rate (%)","Total","Age (Youth, adults): 25+","2018",2.158,,,,"Repository: ILO-STATISTICS - Micro data processing"
"Seychelles","LFS - Labour Force Survey","SDG indicator 8.5.2 - Unemployment rate (%)","Total","Age (Youth, adults): 25+","2017",2.437,,,,"Repository: ILO-STATISTICS - Micro data processing"
"Seychelles","LFS - Labour Force Survey","SDG indicator 8.5.2 - Unemployment rate (%)","Total","Age (Youth, adults): 25+","2016",2.647,,,,"Repository: ILO-STATISTICS - Micro data processing"
"Seychelles","LFS - Labour Force Survey","SDG indicator 8.5.2 - Unemployment rate (%)","Total","Age (Youth, adults): 25+","2015",2.462,,,,"Repository: ILO-STATISTICS - Micro data processing"
"Seychelles","LFS - Labour Force Survey","SDG indicator 8.5.2 - Unemployment rate (%)","Total","Age (Youth, adults): 25+","2014",2.181,"Break in series",,"Break in series: Methodology revised","Repository: ILO-STATISTICS - Micro data processing"
"Chad","HIES - Modular and Integrated Household Survey on Living Conditions","SDG indicator 8.5.2 - Unemployment rate (%)","Total","Age (Youth, adults): 25+","2018",1.025,,,,"Repository: ILO-STATISTICS - Micro data processing"
"Togo","HIES - Living Standards Measurement Survey","SDG indicator 8.5.2 - Unemployment rate (%)","Total","Age (Youth, adults): 25+","2022",1.704,,,,"Repository: ILO-STATISTICS - Micro data processing"
"Togo","HIES - Living Standards Measurement Survey","SDG indicator 8.5.2 - Unemployment rate (%)","Total","Age (Youth, adults): 25+","2019",1.823,,,,"Repository: ILO-STATISTICS - Micro data processing"
"Togo","LFS - Regional Integrated Survey on Employment and the Informal Sector","SDG indicator 8.5.2 - Unemployment rate (%)","Total","Age (Youth, adults): 25+","2017",2.904,"Break in series",,"Break in series: Methodology revised","Repository: ILO-STATISTICS - Micro data processing | Age coverage - maximum age: 75 years old"
"Togo","HIES - Questionnaire on Indicators of Well-being","SDG indicator 8.5.2 - Unemployment rate (%)","Total","Age (Youth, adults): 25+","2015",1.683,,,,"Repository: ILO-STATISTICS - Micro data processing"
"Tunisia","LFS - National Population and Employment Survey","SDG indicator 8.5.2 - Unemployment rate (%)","Total","Age (Youth, adults): 25+","2023",12.754,,,,"Repository: ILO-STATISTICS - Micro data processing | Data reference period: Second quarter"
"Tunisia","LFS - National Population and Employment Survey","SDG indicator 8.5.2 - Unemployment rate (%)","Total","Age (Youth, adults): 25+","2022",12.878,,,,"Repository: ILO-STATISTICS - Micro data processing | Data reference period: Second quarter"
"Tunisia","LFS - National Population and Employment Survey","SDG indicator 8.5.2 - Unemployment rate (%)","Total","Age (Youth, adults): 25+","2019",13.841,,,,"Repository: ILO-STATISTICS - Micro data processing | Data reference period: Second quarter"
"Tunisia","LFS - National Population and Employment Survey","SDG indicator 8.5.2 - Unemployment rate (%)","Total","Age (Youth, adults): 25+","2017",12.247,,,,"Repository: ILO-STATISTICS - Micro data processing | Data reference period: Second quarter"
"Tunisia","LFS - National Population and Employment Survey","SDG indicator 8.5.2 - Unemployment rate (%)","Total","Age (Youth, adults): 25+","2016",12.442,,,,"Repository: ILO-STATISTICS - Micro data processing | Data reference period: Second quarter"
"Tunisia","LFS - National Population and Employment Survey","SDG indicator 8.5.2 - Unemployment rate (%)","Total","Age (Youth, adults): 25+","2015",12.23,"Break in series",,"Break in series: Methodology revised","Repository: ILO-STATISTICS - Micro data processing | Data reference period: Second quarter"
"Tunisia","LFS - Labor Market Panel Survey","SDG indicator 8.5.2 - Unemployment rate (%)","Total","Age (Youth, adults): 25+","2014",10.442,"Break in series",,"Break in series: Methodology revised","Repository: ILO-STATISTICS - Micro data processing | Data reference period: Second quarter"
"Tanzania, United Republic of","LFS - Labour Force Survey","SDG indicator 8.5.2 - Unemployment rate (%)","Total","Age (Youth, adults): 25+","2020",1.424,"Break in series",,"Break in series: Methodology revised","Repository: ILO-STATISTICS - Micro data processing"
"Tanzania, United Republic of","LFS - Labour Force Survey","SDG indicator 8.5.2 - Unemployment rate (%)","Total","Age (Youth, adults): 25+","2014",1.493,"Break in series",,"Break in series: Methodology revised","Repository: ILO-STATISTICS - Micro data processing"
"Uganda","LFS - National Labour Force Survey","SDG indicator 8.5.2 - Unemployment rate (%)","Total","Age (Youth, adults): 25+","2021",2.598,,,,"Repository: ILO-STATISTICS - Micro data processing"
"Uganda","HIES - National Household Survey","SDG indicator 8.5.2 - Unemployment rate (%)","Total","Age (Youth, adults): 25+","2019",1.493,,,,"Repository: ILO-STATISTICS - Micro data processing"
"Uganda","LFS - National Labour Force Survey","SDG indicator 8.5.2 - Unemployment rate (%)","Total","Age (Youth, adults): 25+","2017",2.676,"Break in series",,"Break in series: Methodology revised","Repository: ILO-STATISTICS - Micro data processing"
"Uganda","HIES - National Household Survey","SDG indicator 8.5.2 - Unemployment rate (%)","Total","Age (Youth, adults): 25+","2014",0.995,,,,"Repository: ILO-STATISTICS - Micro data processing"
"South Africa","LFS - Quarterly Labour Force Survey","SDG indicator 8.5.2 - Unemployment rate (%)","Total","Age (Youth, adults): 25+","2024",28.887,,,,"Repository: ILO-STATISTICS - Micro data processing"
"South Africa","LFS - Quarterly Labour Force Survey","SDG indicator 8.5.2 - Unemployment rate (%)","Total","Age (Youth, adults): 25+","2023",28.565,,,,"Repository: ILO-STATISTICS - Micro data processing"
"South Africa","LFS - Quarterly Labour Force Survey","SDG indicator 8.5.2 - Unemployment rate (%)","Total","Age (Youth, adults): 25+","2022",29.717,,,,"Repository: ILO-STATISTICS - Micro data processing"
"South Africa","LFS - Quarterly Labour Force Survey","SDG indicator 8.5.2 - Unemployment rate (%)","Total","Age (Youth, adults): 25+","2021",30.547,,,,"Repository: ILO-STATISTICS - Micro data processing"
"South Africa","LFS - Quarterly Labour Force Survey","SDG indicator 8.5.2 - Unemployment rate (%)","Total","Age (Youth, adults): 25+","2020",25.888,,,,"Repository: ILO-STATISTICS - Micro data processing"
"South Africa","LFS - Quarterly Labour Force Survey","SDG indicator 8.5.2 - Unemployment rate (%)","Total","Age (Youth, adults): 25+","2019",24.787,,,,"Repository: ILO-STATISTICS - Micro data processing"
"South Africa","LFS - Quarterly Labour Force Survey","SDG indicator 8.5.2 - Unemployment rate (%)","Total","Age (Youth, adults): 25+","2018",23.449,,,,"Repository: ILO-STATISTICS - Micro data processing"
"South Africa","LFS - Quarterly Labour Force Survey","SDG indicator 8.5.2 - Unemployment rate (%)","Total","Age (Youth, adults): 25+","2017",23.376,,,,"Repository: ILO-STATISTICS - Micro data processing"
"South Africa","LFS - Quarterly Labour Force Survey","SDG indicator 8.5.2 - Unemployment rate (%)","Total","Age (Youth, adults): 25+","2016",22.695,,,,"Repository: ILO-STATISTICS - Micro data processing"
"South Africa","LFS - Quarterly Labour Force Survey","SDG indicator 8.5.2 - Unemployment rate (%)","Total","Age (Youth, adults): 25+","2015",21.456,,,,"Repository: ILO-STATISTICS - Micro data processing"
"South Africa","LFS - Quarterly Labour Force Survey","SDG indicator 8.5.2 - Unemployment rate (%)","Total","Age (Youth, adults): 25+","2014",21.043,,,,"Repository: ILO-STATISTICS - Micro data processing"
"Zambia","LFS - Labour Force Survey","SDG indicator 8.5.2 - Unemployment rate (%)","Total","Age (Youth, adults): 25+","2023",4.721,,,,"Repository: ILO-STATISTICS - Micro data processing"
"Zambia","LFS - Labour Force Survey","SDG indicator 8.5.2 - Unemployment rate (%)","Total","Age (Youth, adults): 25+","2022",4.941,,,,"Repository: ILO-STATISTICS - Micro data processing"
"Zambia","LFS - Labour Force Survey","SDG indicator 8.5.2 - Unemployment rate (%)","Total","Age (Youth, adults): 25+","2021",3.946,,,,"Repository: ILO-STATISTICS - Micro data processing"
"Zambia","LFS - Labour Force Survey","SDG indicator 8.5.2 - Unemployment rate (%)","Total","Age (Youth, adults): 25+","2020",4.503,,,,"Repository: ILO-STATISTICS - Micro data processing"
"Zambia","LFS - Labour Force Survey","SDG indicator 8.5.2 - Unemployment rate (%)","Total","Age (Youth, adults): 25+","2019",4.146,,,,"Repository: ILO-STATISTICS - Micro data processing"
"Zambia","LFS - Labour Force Survey","SDG indicator 8.5.2 - Unemployment rate (%)","Total","Age (Youth, adults): 25+","2018",3.969,"Break in series",,"Break in series: Methodology revised","Repository: ILO-STATISTICS - Micro data processing"
"Zambia","LFS - Labour Force Survey","SDG indicator 8.5.2 - Unemployment rate (%)","Total","Age (Youth, adults): 25+","2017",3.317,"Break in series",,"Break in series: Methodology revised","Repository: ILO-STATISTICS - Micro data processing"
"Zambia","HIES - Living Conditions Monitoring Survey","SDG indicator 8.5.2 - Unemployment rate (%)","Total","Age (Youth, adults): 25+","2015",7.636,,,,"Repository: ILO-STATISTICS - Micro data processing"
"Zimbabwe","LFS - Labour Force Survey","SDG indicator 8.5.2 - Unemployment rate (%)","Total","Age (Youth, adults): 25+","2023",7.58,,,,"Repository: ILO-STATISTICS - Micro data processing"
"Zimbabwe","LFS - Labour Force Survey","SDG indicator 8.5.2 - Unemployment rate (%)","Total","Age (Youth, adults): 25+","2022",8.068,,,,"Repository: ILO-STATISTICS - Micro data processing"
"Zimbabwe","LFS - Labour Force Survey","SDG indicator 8.5.2 - Unemployment rate (%)","Total","Age (Youth, adults): 25+","2021",7.682,,,,"Repository: ILO-STATISTICS - Micro data processing"
"Zimbabwe","LFS - Labour Force Survey","SDG indicator 8.5.2 - Unemployment rate (%)","Total","Age (Youth, adults): 25+","2019",5.929,"Break in series",,"Break in series: Methodology revised","Repository: ILO-STATISTICS - Micro data processing"
"Zimbabwe","LFS - Labour Force Survey","SDG indicator 8.5.2 - Unemployment rate (%)","Total","Age (Youth, adults): 25+","2014",3.923,,,,"Repository: ILO-STATISTICS - Micro data processing"
